{"#",44a01d39-c2b6-4751-85e6-06fdc2f23043,82:aa900025909438d711e8a9d8844e18ca}|https://www.torsion.kiev.ua/web/gallery/product/navis/nh15512/1.jpg
{"#",44a01d39-c2b6-4751-85e6-06fdc2f23043,82:aa900025909438d711e8a9d8844e18ca}|https://www.torsion.kiev.ua/web/gallery/product/navis/nh15512/2.jpg
{"#",44a01d39-c2b6-4751-85e6-06fdc2f23043,82:aa900025909438d711e8a9d8c6712e0d}|https://www.torsion.kiev.ua/web/gallery/product/navis/nh35512/1.jpg
{"#",44a01d39-c2b6-4751-85e6-06fdc2f23043,82:aa900025909438d711e8a9d8c6712e0d}|https://www.torsion.kiev.ua/web/gallery/product/navis/nh35512/2.jpg
{"#",44a01d39-c2b6-4751-85e6-06fdc2f23043,82:aa900025909438d711e8a9d8c6712e0d}|https://www.torsion.kiev.ua/web/gallery/product/navis/nh35512/3.jpg
{"#",44a01d39-c2b6-4751-85e6-06fdc2f23043,82:aa900025909438d711e8a9d8c6712e0d}|https://www.torsion.kiev.ua/web/gallery/product/navis/nh35512/4.jpg
{"#",44a01d39-c2b6-4751-85e6-06fdc2f23043,82:aa900025909438d711e8aa94a2a7b5a1}|https://www.torsion.kiev.ua/web/gallery/product/navis/nh110012/1.jpg
{"#",44a01d39-c2b6-4751-85e6-06fdc2f23043,82:aa900025909438d711e8aa94a2a7b5a1}|https://www.torsion.kiev.ua/web/gallery/product/navis/nh110012/2.jpg
{"#",44a01d39-c2b6-4751-85e6-06fdc2f23043,82:aa900025909438d711e8aa94a2a7b5a1}|https://www.torsion.kiev.ua/web/gallery/product/navis/nh110012/3.jpg
{"#",44a01d39-c2b6-4751-85e6-06fdc2f23043,82:aa900025909438d711e8aa94e459ed6e}|https://www.torsion.kiev.ua/web/gallery/product/navis/nh17024/1.jpg
{"#",44a01d39-c2b6-4751-85e6-06fdc2f23043,82:aa900025909438d711e8aa94e459ed6e}|https://www.torsion.kiev.ua/web/gallery/product/navis/nh17024/2.jpg
{"#",44a01d39-c2b6-4751-85e6-06fdc2f23043,82:aa900025909438d711e8aa94e459ed6e}|https://www.torsion.kiev.ua/web/gallery/product/navis/nh17024/3.jpg
{"#",44a01d39-c2b6-4751-85e6-06fdc2f23043,82:aa900025909438d711e8aa95179962c0}|https://www.torsion.kiev.ua/web/gallery/product/navis/nh110024/1.jpg
{"#",44a01d39-c2b6-4751-85e6-06fdc2f23043,82:aa900025909438d711e8aa95179962c0}|https://www.torsion.kiev.ua/web/gallery/product/navis/nh110024/2.jpg
{"#",44a01d39-c2b6-4751-85e6-06fdc2f23043,82:aa900025909438d711e8aa95179962c0}|https://www.torsion.kiev.ua/web/gallery/product/navis/nh110024/3.jpg
{"#",44a01d39-c2b6-4751-85e6-06fdc2f23043,82:aa900025909438d711e8aa95908c1cf8}|https://www.torsion.kiev.ua/web/gallery/product/navis/nh155121/1.jpg
{"#",44a01d39-c2b6-4751-85e6-06fdc2f23043,82:aa900025909438d711e8aa95908c1cf8}|https://www.torsion.kiev.ua/web/gallery/product/navis/nh155121/2.jpg
{"#",44a01d39-c2b6-4751-85e6-06fdc2f23043,82:aa900025909438d711e8aa95908c1cf8}|https://www.torsion.kiev.ua/web/gallery/product/navis/nh155121/3.jpg
{"#",44a01d39-c2b6-4751-85e6-06fdc2f23043,82:aa900025909438d711e8aa95f1755a5f}|https://www.torsion.kiev.ua/web/gallery/product/navis/nh155123/1.jpg
{"#",44a01d39-c2b6-4751-85e6-06fdc2f23043,82:aa900025909438d711e8aa95f1755a5f}|https://www.torsion.kiev.ua/web/gallery/product/navis/nh155123/2.jpg
{"#",44a01d39-c2b6-4751-85e6-06fdc2f23043,82:aa900025909438d711e8aa97c1c90e21}|https://www.torsion.kiev.ua/web/gallery/product/navis/nh310012/1.jpg
{"#",44a01d39-c2b6-4751-85e6-06fdc2f23043,82:aa900025909438d711e8aa97c1c90e21}|https://www.torsion.kiev.ua/web/gallery/product/navis/nh310012/2.jpg
{"#",44a01d39-c2b6-4751-85e6-06fdc2f23043,82:aa900025909438d711e8aa97c1c90e21}|https://www.torsion.kiev.ua/web/gallery/product/navis/nh310012/3.jpg
{"#",44a01d39-c2b6-4751-85e6-06fdc2f23043,82:aa900025909438d711e8aa97c1c90e21}|https://www.torsion.kiev.ua/web/gallery/product/navis/nh310012/4.jpg
{"#",44a01d39-c2b6-4751-85e6-06fdc2f23043,82:aa900025909438d711e8aa97f64a2e2c}|https://www.torsion.kiev.ua/web/gallery/product/navis/nh37024/1.jpg
{"#",44a01d39-c2b6-4751-85e6-06fdc2f23043,82:aa900025909438d711e8aa97f64a2e2c}|https://www.torsion.kiev.ua/web/gallery/product/navis/nh37024/2.jpg
{"#",44a01d39-c2b6-4751-85e6-06fdc2f23043,82:aa900025909438d711e8aa97f64a2e2c}|https://www.torsion.kiev.ua/web/gallery/product/navis/nh37024/3.jpg
{"#",44a01d39-c2b6-4751-85e6-06fdc2f23043,82:aa900025909438d711e8aa97f64a2e2c}|https://www.torsion.kiev.ua/web/gallery/product/navis/nh37024/4.jpg
{"#",44a01d39-c2b6-4751-85e6-06fdc2f23043,82:aa900025909438d711e8aa97f64a2e2c}|https://www.torsion.kiev.ua/web/gallery/product/navis/nh37024/5.jpg
{"#",44a01d39-c2b6-4751-85e6-06fdc2f23043,82:aa900025909438d711e8aa9820b2ac17}|https://www.torsion.kiev.ua/web/gallery/product/navis/nh310024/1.jpg
{"#",44a01d39-c2b6-4751-85e6-06fdc2f23043,82:aa900025909438d711e8aa9820b2ac17}|https://www.torsion.kiev.ua/web/gallery/product/navis/nh310024/2.jpg
{"#",44a01d39-c2b6-4751-85e6-06fdc2f23043,82:aa900025909438d711e8aa9820b2ac17}|https://www.torsion.kiev.ua/web/gallery/product/navis/nh310024/3.jpg
{"#",44a01d39-c2b6-4751-85e6-06fdc2f23043,82:aa900025909438d711e8aa9820b2ac17}|https://www.torsion.kiev.ua/web/gallery/product/navis/nh310024/4.jpg
{"#",44a01d39-c2b6-4751-85e6-06fdc2f23043,82:aa900025909438d711e8aa9820b2ac17}|https://www.torsion.kiev.ua/web/gallery/product/navis/nh310024/5.jpg
{"#",44a01d39-c2b6-4751-85e6-06fdc2f23043,82:aa900025909438d711e8aa9868537864}|https://www.torsion.kiev.ua/web/gallery/product/navis/nh355121/1.jpg
{"#",44a01d39-c2b6-4751-85e6-06fdc2f23043,82:aa900025909438d711e8aa9868537864}|https://www.torsion.kiev.ua/web/gallery/product/navis/nh355121/2.jpg
{"#",44a01d39-c2b6-4751-85e6-06fdc2f23043,82:aa900025909438d711e8aa9868537864}|https://www.torsion.kiev.ua/web/gallery/product/navis/nh355121/3.jpg
{"#",44a01d39-c2b6-4751-85e6-06fdc2f23043,82:aa900025909438d711e8aa9868537864}|https://www.torsion.kiev.ua/web/gallery/product/navis/nh355121/4.jpg
{"#",44a01d39-c2b6-4751-85e6-06fdc2f23043,82:aa900025909438d711e8aa98ba3471fe}|https://www.torsion.kiev.ua/web/gallery/product/navis/nh355123/1.jpg
{"#",44a01d39-c2b6-4751-85e6-06fdc2f23043,82:aa900025909438d711e8aa98ba3471fe}|https://www.torsion.kiev.ua/web/gallery/product/navis/nh355123/2.jpg
{"#",44a01d39-c2b6-4751-85e6-06fdc2f23043,82:aa900025909438d711e8aa98ba3471fe}|https://www.torsion.kiev.ua/web/gallery/product/navis/nh355123/3.jpg
{"#",44a01d39-c2b6-4751-85e6-06fdc2f23043,82:aa900025909438d711e8aa98ba3471fe}|https://www.torsion.kiev.ua/web/gallery/product/navis/nh355123/4.jpg
{"#",44a01d39-c2b6-4751-85e6-06fdc2f23043,82:aa900025909438d711e8aa99c88bebbb}|https://www.torsion.kiev.ua/web/gallery/product/navis/nh4757024/1.jpg
{"#",44a01d39-c2b6-4751-85e6-06fdc2f23043,82:aa900025909438d711e8aa99c88bebbb}|https://www.torsion.kiev.ua/web/gallery/product/navis/nh4757024/2.jpg
{"#",44a01d39-c2b6-4751-85e6-06fdc2f23043,82:aa900025909438d711e8aa99c88bebbb}|https://www.torsion.kiev.ua/web/gallery/product/navis/nh4757024/3.jpg
{"#",44a01d39-c2b6-4751-85e6-06fdc2f23043,82:aa900025909438d711e8aa99c88bebbb}|https://www.torsion.kiev.ua/web/gallery/product/navis/nh4757024/4.jpg
{"#",44a01d39-c2b6-4751-85e6-06fdc2f23043,82:aa900025909438d711e8aa9a37eea978}|https://www.torsion.kiev.ua/web/gallery/product/navis/nh4605512/1.jpg
{"#",44a01d39-c2b6-4751-85e6-06fdc2f23043,82:aa900025909438d711e8aa9a37eea978}|https://www.torsion.kiev.ua/web/gallery/product/navis/nh4605512/2.jpg
{"#",44a01d39-c2b6-4751-85e6-06fdc2f23043,82:aa900025909438d711e8aa9a37eea978}|https://www.torsion.kiev.ua/web/gallery/product/navis/nh4605512/3.jpg
{"#",44a01d39-c2b6-4751-85e6-06fdc2f23043,82:aa900025909438d711e8aa9a37eea978}|https://www.torsion.kiev.ua/web/gallery/product/navis/nh4605512/4.jpg
{"#",44a01d39-c2b6-4751-85e6-06fdc2f23043,82:aa900025909438d711e8aa9a66e37278}|https://www.torsion.kiev.ua/web/gallery/product/navis/nh41009012/1.jpg
{"#",44a01d39-c2b6-4751-85e6-06fdc2f23043,82:aa900025909438d711e8aa9a66e37278}|https://www.torsion.kiev.ua/web/gallery/product/navis/nh41009012/2.jpg
{"#",44a01d39-c2b6-4751-85e6-06fdc2f23043,82:aa900025909438d711e8aa9a66e37278}|https://www.torsion.kiev.ua/web/gallery/product/navis/nh41009012/3.jpg
{"#",44a01d39-c2b6-4751-85e6-06fdc2f23043,82:aa900025909438d711e8aa9a66e37278}|https://www.torsion.kiev.ua/web/gallery/product/navis/nh41009012/4.jpg
{"#",44a01d39-c2b6-4751-85e6-06fdc2f23043,82:aa900025909438d711e8aa9aa994b889}|https://www.torsion.kiev.ua/web/gallery/product/navis/nh46055121/1.jpg
{"#",44a01d39-c2b6-4751-85e6-06fdc2f23043,82:aa900025909438d711e8aa9aa994b889}|https://www.torsion.kiev.ua/web/gallery/product/navis/nh46055121/2.jpg
{"#",44a01d39-c2b6-4751-85e6-06fdc2f23043,82:aa900025909438d711e8aa9aa994b889}|https://www.torsion.kiev.ua/web/gallery/product/navis/nh46055121/3.jpg
{"#",44a01d39-c2b6-4751-85e6-06fdc2f23043,82:aa900025909438d711e8aa9aa994b889}|https://www.torsion.kiev.ua/web/gallery/product/navis/nh46055121/4.jpg
{"#",44a01d39-c2b6-4751-85e6-06fdc2f23043,82:aa900025909438d711e8aa9adb4693f8}|https://www.torsion.kiev.ua/web/gallery/product/navis/nh47570241/1.jpg
{"#",44a01d39-c2b6-4751-85e6-06fdc2f23043,82:aa900025909438d711e8aa9adb4693f8}|https://www.torsion.kiev.ua/web/gallery/product/navis/nh47570241/2.jpg
{"#",44a01d39-c2b6-4751-85e6-06fdc2f23043,82:aa900025909438d711e8aa9adb4693f8}|https://www.torsion.kiev.ua/web/gallery/product/navis/nh47570241/3.jpg
{"#",44a01d39-c2b6-4751-85e6-06fdc2f23043,82:aa900025909438d711e8aa9adb4693f8}|https://www.torsion.kiev.ua/web/gallery/product/navis/nh47570241/4.jpg
{"#",44a01d39-c2b6-4751-85e6-06fdc2f23043,82:aa900025909438d711e8aa9bf03e10b6}|https://www.torsion.kiev.ua/web/gallery/product/navis/nh83512/1.jpg
{"#",44a01d39-c2b6-4751-85e6-06fdc2f23043,82:aa900025909438d711e8aa9bf03e10b6}|https://www.torsion.kiev.ua/web/gallery/product/navis/nh83512/2.jpg
{"#",44a01d39-c2b6-4751-85e6-06fdc2f23043,82:aa900025909438d711e8aa9bf03e10b6}|https://www.torsion.kiev.ua/web/gallery/product/navis/nh83512/3.jpg
{"#",44a01d39-c2b6-4751-85e6-06fdc2f23043,82:aa900025909438d711e8aa9bf03e10b6}|https://www.torsion.kiev.ua/web/gallery/product/navis/nh83512/4.jpg
{"#",44a01d39-c2b6-4751-85e6-06fdc2f23043,82:aa900025909438d711e8aa9bf03e10b6}|https://www.torsion.kiev.ua/web/gallery/product/navis/nh83512/5.jpg
{"#",44a01d39-c2b6-4751-85e6-06fdc2f23043,82:aa900025909438d711e8aa9c1eb11726}|https://www.torsion.kiev.ua/web/gallery/product/navis/nh96512/1.jpg
{"#",44a01d39-c2b6-4751-85e6-06fdc2f23043,82:aa900025909438d711e8aa9c1eb11726}|https://www.torsion.kiev.ua/web/gallery/product/navis/nh96512/2.jpg
{"#",44a01d39-c2b6-4751-85e6-06fdc2f23043,82:aa900025909438d711e8aa9c1eb11726}|https://www.torsion.kiev.ua/web/gallery/product/navis/nh96512/3.jpg
{"#",44a01d39-c2b6-4751-85e6-06fdc2f23043,82:aa900025909438d711e8aa9c1eb11726}|https://www.torsion.kiev.ua/web/gallery/product/navis/nh96512/4.jpg
{"#",44a01d39-c2b6-4751-85e6-06fdc2f23043,82:aa900025909438d711e8aa9c1eb11726}|https://www.torsion.kiev.ua/web/gallery/product/navis/nh96512/5.jpg
{"#",44a01d39-c2b6-4751-85e6-06fdc2f23043,82:aa900025909438d711e8aa9c554f2adb}|https://www.torsion.kiev.ua/web/gallery/product/navis/nh115512/1.jpg
{"#",44a01d39-c2b6-4751-85e6-06fdc2f23043,82:aa900025909438d711e8aa9c554f2adb}|https://www.torsion.kiev.ua/web/gallery/product/navis/nh115512/2.jpg
{"#",44a01d39-c2b6-4751-85e6-06fdc2f23043,82:aa900025909438d711e8aa9c554f2adb}|https://www.torsion.kiev.ua/web/gallery/product/navis/nh115512/3.jpg
{"#",44a01d39-c2b6-4751-85e6-06fdc2f23043,82:aa900025909438d711e8aa9c554f2adb}|https://www.torsion.kiev.ua/web/gallery/product/navis/nh115512/4.jpg
{"#",44a01d39-c2b6-4751-85e6-06fdc2f23043,82:aa900025909438d711e8aa9c554f2adb}|https://www.torsion.kiev.ua/web/gallery/product/navis/nh115512/5.jpg
{"#",44a01d39-c2b6-4751-85e6-06fdc2f23043,82:aa900025909438d711e8aa9cc84eeee4}|https://www.torsion.kiev.ua/web/gallery/product/navis/nh15155512/1.jpg
{"#",44a01d39-c2b6-4751-85e6-06fdc2f23043,82:aa900025909438d711e8aa9cc84eeee4}|https://www.torsion.kiev.ua/web/gallery/product/navis/nh15155512/2.jpg
{"#",44a01d39-c2b6-4751-85e6-06fdc2f23043,82:aa900025909438d711e8aa9cc84eeee4}|https://www.torsion.kiev.ua/web/gallery/product/navis/nh15155512/3.jpg
{"#",44a01d39-c2b6-4751-85e6-06fdc2f23043,82:aa900025909438d711e8aa9cc84eeee4}|https://www.torsion.kiev.ua/web/gallery/product/navis/nh15155512/4.jpg
{"#",44a01d39-c2b6-4751-85e6-06fdc2f23043,82:aa900025909438d711e8aa9cc84eeee4}|https://www.torsion.kiev.ua/web/gallery/product/navis/nh15155512/5.jpg
{"#",44a01d39-c2b6-4751-85e6-06fdc2f23043,82:aa900025909438d711e8aa9d27b20be9}|https://www.torsion.kiev.ua/web/gallery/product/navis/nh75512/1.jpg
{"#",44a01d39-c2b6-4751-85e6-06fdc2f23043,82:aa900025909438d711e8aa9d27b20be9}|https://www.torsion.kiev.ua/web/gallery/product/navis/nh75512/2.jpg
{"#",44a01d39-c2b6-4751-85e6-06fdc2f23043,82:aa900025909438d711e8aa9d27b20be9}|https://www.torsion.kiev.ua/web/gallery/product/navis/nh75512/3.jpg
{"#",44a01d39-c2b6-4751-85e6-06fdc2f23043,82:aa900025909438d711e8aa9d27b20be9}|https://www.torsion.kiev.ua/web/gallery/product/navis/nh75512/4.jpg
{"#",44a01d39-c2b6-4751-85e6-06fdc2f23043,82:aa900025909438d711e8aa9d5251d48e}|https://www.torsion.kiev.ua/web/gallery/product/navis/nh710012/1.jpg
{"#",44a01d39-c2b6-4751-85e6-06fdc2f23043,82:aa900025909438d711e8aa9d5251d48e}|https://www.torsion.kiev.ua/web/gallery/product/navis/nh710012/2.jpg
{"#",44a01d39-c2b6-4751-85e6-06fdc2f23043,82:aa900025909438d711e8aa9d5251d48e}|https://www.torsion.kiev.ua/web/gallery/product/navis/nh710012/3.jpg
{"#",44a01d39-c2b6-4751-85e6-06fdc2f23043,82:aa900025909438d711e8aa9d5251d48e}|https://www.torsion.kiev.ua/web/gallery/product/navis/nh710012/4.jpg
{"#",44a01d39-c2b6-4751-85e6-06fdc2f23043,82:aa900025909438d711e8aa9d8c4fa78d}|https://www.torsion.kiev.ua/web/gallery/product/navis/nh77024/1.jpg
{"#",44a01d39-c2b6-4751-85e6-06fdc2f23043,82:aa900025909438d711e8aa9d8c4fa78d}|https://www.torsion.kiev.ua/web/gallery/product/navis/nh77024/2.jpg
{"#",44a01d39-c2b6-4751-85e6-06fdc2f23043,82:aa900025909438d711e8aa9d8c4fa78d}|https://www.torsion.kiev.ua/web/gallery/product/navis/nh77024/3.jpg
{"#",44a01d39-c2b6-4751-85e6-06fdc2f23043,82:aa900025909438d711e8aa9d8c4fa78d}|https://www.torsion.kiev.ua/web/gallery/product/navis/nh77024/4.jpg
{"#",44a01d39-c2b6-4751-85e6-06fdc2f23043,82:aa900025909438d711e8aa9dc1ec8b7d}|https://www.torsion.kiev.ua/web/gallery/product/navis/nh755121/1.jpg
{"#",44a01d39-c2b6-4751-85e6-06fdc2f23043,82:aa900025909438d711e8aa9dc1ec8b7d}|https://www.torsion.kiev.ua/web/gallery/product/navis/nh755121/2.jpg
{"#",44a01d39-c2b6-4751-85e6-06fdc2f23043,82:aa900025909438d711e8aa9dc1ec8b7d}|https://www.torsion.kiev.ua/web/gallery/product/navis/nh755121/3.jpg
{"#",44a01d39-c2b6-4751-85e6-06fdc2f23043,82:aa900025909438d711e8aa9dc1ec8b7d}|https://www.torsion.kiev.ua/web/gallery/product/navis/nh755121/4.jpg
{"#",44a01d39-c2b6-4751-85e6-06fdc2f23043,82:aa900025909438d711e8aa9de283c22c}|https://www.torsion.kiev.ua/web/gallery/product/navis/nh770121/1.jpg
{"#",44a01d39-c2b6-4751-85e6-06fdc2f23043,82:aa900025909438d711e8aa9de283c22c}|https://www.torsion.kiev.ua/web/gallery/product/navis/nh770121/2.jpg
{"#",44a01d39-c2b6-4751-85e6-06fdc2f23043,82:aa900025909438d711e8aa9de283c22c}|https://www.torsion.kiev.ua/web/gallery/product/navis/nh770121/3.jpg
{"#",44a01d39-c2b6-4751-85e6-06fdc2f23043,82:aa900025909438d711e8aa9de283c22c}|https://www.torsion.kiev.ua/web/gallery/product/navis/nh770121/4.jpg
{"#",44a01d39-c2b6-4751-85e6-06fdc2f23043,82:aa900025909438d711e8aa9e12bf8126}|https://www.torsion.kiev.ua/web/gallery/product/navis/nh755123/1.jpg
{"#",44a01d39-c2b6-4751-85e6-06fdc2f23043,82:aa900025909438d711e8aa9e12bf8126}|https://www.torsion.kiev.ua/web/gallery/product/navis/nh755123/2.jpg
{"#",44a01d39-c2b6-4751-85e6-06fdc2f23043,82:aa900025909438d711e8aa9e12bf8126}|https://www.torsion.kiev.ua/web/gallery/product/navis/nh755123/3.jpg
{"#",44a01d39-c2b6-4751-85e6-06fdc2f23043,82:aa900025909438d711e8aa9e12bf8126}|https://www.torsion.kiev.ua/web/gallery/product/navis/nh755123/4.jpg
{"#",44a01d39-c2b6-4751-85e6-06fdc2f23043,82:aa900025909438d711e8aa9f09bf53f8}|https://www.torsion.kiev.ua/web/gallery/product/navis/ns252512/1.jpg
{"#",44a01d39-c2b6-4751-85e6-06fdc2f23043,82:aa900025909438d711e8aa9f09bf53f8}|https://www.torsion.kiev.ua/web/gallery/product/navis/ns252512/2.jpg
{"#",44a01d39-c2b6-4751-85e6-06fdc2f23043,82:aa900025909438d711e8aa9f09bf53f8}|https://www.torsion.kiev.ua/web/gallery/product/navis/ns252512/3.jpg
{"#",44a01d39-c2b6-4751-85e6-06fdc2f23043,82:aa900025909438d711e8aab500ad5af9}|https://www.torsion.kiev.ua/web/gallery/product/navis/ns252524/1.jpg
{"#",44a01d39-c2b6-4751-85e6-06fdc2f23043,82:aa900025909438d711e8aab500ad5af9}|https://www.torsion.kiev.ua/web/gallery/product/navis/ns252524/2.jpg
{"#",44a01d39-c2b6-4751-85e6-06fdc2f23043,82:aa900025909438d711e8aab500ad5af9}|https://www.torsion.kiev.ua/web/gallery/product/navis/ns252524/3.jpg
{"#",44a01d39-c2b6-4751-85e6-06fdc2f23043,82:aa900025909438d711e8aab5ad30a0fd}|https://www.torsion.kiev.ua/web/gallery/product/navis/ns2521512/1.jpg
{"#",44a01d39-c2b6-4751-85e6-06fdc2f23043,82:aa900025909438d711e8aab5ad30a0fd}|https://www.torsion.kiev.ua/web/gallery/product/navis/ns2521512/2.jpg
{"#",44a01d39-c2b6-4751-85e6-06fdc2f23043,82:aa900025909438d711e8aab5ad30a0fd}|https://www.torsion.kiev.ua/web/gallery/product/navis/ns2521512/3.jpg
{"#",44a01d39-c2b6-4751-85e6-06fdc2f23043,82:aa900025909438d711e8aab5d33e1192}|https://www.torsion.kiev.ua/web/gallery/product/navis/ns2521524/1.jpg
{"#",44a01d39-c2b6-4751-85e6-06fdc2f23043,82:aa900025909438d711e8aab5d33e1192}|https://www.torsion.kiev.ua/web/gallery/product/navis/ns2521524/2.jpg
{"#",44a01d39-c2b6-4751-85e6-06fdc2f23043,82:aa900025909438d711e8aab5d33e1192}|https://www.torsion.kiev.ua/web/gallery/product/navis/ns2521524/3.jpg
{"#",44a01d39-c2b6-4751-85e6-06fdc2f23043,82:aa900025909438d711e8aab7d7b1e0a1}|https://www.torsion.kiev.ua/web/gallery/product/navis/nt51212/1.jpg
{"#",44a01d39-c2b6-4751-85e6-06fdc2f23043,82:aa900025909438d711e8aab7d7b1e0a1}|https://www.torsion.kiev.ua/web/gallery/product/navis/nt51212/2.jpg
{"#",44a01d39-c2b6-4751-85e6-06fdc2f23043,82:aa900025909438d711e8aab865249aca}|https://www.torsion.kiev.ua/web/gallery/product/navis/nt51224/1.jpg
{"#",44a01d39-c2b6-4751-85e6-06fdc2f23043,82:aa900025909438d711e8aab865249aca}|https://www.torsion.kiev.ua/web/gallery/product/navis/nt51224/2.jpg
{"#",44a01d39-c2b6-4751-85e6-06fdc2f23043,82:aa900025909438d711e8aab865249aca}|https://www.torsion.kiev.ua/web/gallery/product/navis/nt51224/3.jpg
{"#",44a01d39-c2b6-4751-85e6-06fdc2f23043,82:aa900025909438d711e8aab898d3cdca}|https://www.torsion.kiev.ua/web/gallery/product/navis/nt5212/1.jpg
{"#",44a01d39-c2b6-4751-85e6-06fdc2f23043,82:aa900025909438d711e8aab898d3cdca}|https://www.torsion.kiev.ua/web/gallery/product/navis/nt5212/2.jpg
{"#",44a01d39-c2b6-4751-85e6-06fdc2f23043,82:aa900025909438d711e8aab898d3cdca}|https://www.torsion.kiev.ua/web/gallery/product/navis/nt5212/3.jpg
{"#",44a01d39-c2b6-4751-85e6-06fdc2f23043,82:aa900025909438d711e8aab94916bc97}|https://www.torsion.kiev.ua/web/gallery/product/navis/nt10312/1.jpg
{"#",44a01d39-c2b6-4751-85e6-06fdc2f23043,82:aa900025909438d711e8aab94916bc97}|https://www.torsion.kiev.ua/web/gallery/product/navis/nt10312/2.jpg
{"#",44a01d39-c2b6-4751-85e6-06fdc2f23043,82:aa900025909438d711e8aab94916bc97}|https://www.torsion.kiev.ua/web/gallery/product/navis/nt10312/3.jpg
{"#",44a01d39-c2b6-4751-85e6-06fdc2f23043,82:aa900025909438d711e8aab96b8f3def}|https://www.torsion.kiev.ua/web/gallery/product/navis/nt10324/1.jpg
{"#",44a01d39-c2b6-4751-85e6-06fdc2f23043,82:aa900025909438d711e8aab96b8f3def}|https://www.torsion.kiev.ua/web/gallery/product/navis/nt10324/2.jpg
{"#",44a01d39-c2b6-4751-85e6-06fdc2f23043,82:aa900025909438d711e8aab96b8f3def}|https://www.torsion.kiev.ua/web/gallery/product/navis/nt10324/3.jpg
{"#",44a01d39-c2b6-4751-85e6-06fdc2f23043,82:aa900025909438d711e8aab99362e98d}|https://www.torsion.kiev.ua/web/gallery/product/navis/nt10512/1.jpg
{"#",44a01d39-c2b6-4751-85e6-06fdc2f23043,82:aa900025909438d711e8aab99362e98d}|https://www.torsion.kiev.ua/web/gallery/product/navis/nt10512/2.jpg
{"#",44a01d39-c2b6-4751-85e6-06fdc2f23043,82:aa900025909438d711e8aab99362e98d}|https://www.torsion.kiev.ua/web/gallery/product/navis/nt10512/3.jpg
{"#",44a01d39-c2b6-4751-85e6-06fdc2f23043,82:aa900025909438d711e8aab9b250dd8d}|https://www.torsion.kiev.ua/web/gallery/product/navis/nt10524/1.jpg
{"#",44a01d39-c2b6-4751-85e6-06fdc2f23043,82:aa900025909438d711e8aab9b250dd8d}|https://www.torsion.kiev.ua/web/gallery/product/navis/nt10524/2.jpg
{"#",44a01d39-c2b6-4751-85e6-06fdc2f23043,82:aa900025909438d711e8aab9b250dd8d}|https://www.torsion.kiev.ua/web/gallery/product/navis/nt10524/3.jpg
{"#",44a01d39-c2b6-4751-85e6-06fdc2f23043,82:aa900025909438d711e8aabb35d693b8}|https://www.torsion.kiev.ua/web/gallery/product/navis/ng18512/1.jpg
{"#",44a01d39-c2b6-4751-85e6-06fdc2f23043,82:aa900025909438d711e8aabb35d693b8}|https://www.torsion.kiev.ua/web/gallery/product/navis/ng18512/2.jpg
{"#",44a01d39-c2b6-4751-85e6-06fdc2f23043,82:aa900025909438d711e8aabc543a5850}|https://www.torsion.kiev.ua/web/gallery/product/navis/ng18524/1.jpg
{"#",44a01d39-c2b6-4751-85e6-06fdc2f23043,82:aa900025909438d711e8aabc543a5850}|https://www.torsion.kiev.ua/web/gallery/product/navis/ng18524/2.jpg
{"#",44a01d39-c2b6-4751-85e6-06fdc2f23043,82:aa900025909438d711e8aabe686bbf2c}|https://www.torsion.kiev.ua/web/gallery/product/navis/ng181012/1.jpg
{"#",44a01d39-c2b6-4751-85e6-06fdc2f23043,82:aa900025909438d711e8aabe686bbf2c}|https://www.torsion.kiev.ua/web/gallery/product/navis/ng181012/2.jpg
{"#",44a01d39-c2b6-4751-85e6-06fdc2f23043,82:aa900025909438d711e8aabe686bbf2c}|https://www.torsion.kiev.ua/web/gallery/product/navis/ng181012/3.jpg
{"#",44a01d39-c2b6-4751-85e6-06fdc2f23043,82:aa900025909438d711e8aabe845b0cf8}|https://www.torsion.kiev.ua/web/gallery/product/navis/ng181024/1.jpg
{"#",44a01d39-c2b6-4751-85e6-06fdc2f23043,82:aa900025909438d711e8aabe845b0cf8}|https://www.torsion.kiev.ua/web/gallery/product/navis/ng181024/2.jpg
{"#",44a01d39-c2b6-4751-85e6-06fdc2f23043,82:aa900025909438d711e8aac0110abb4f}|https://www.torsion.kiev.ua/web/gallery/product/navis/nh8802712/1.jpg
{"#",44a01d39-c2b6-4751-85e6-06fdc2f23043,82:aa900025909438d711e8aac0110abb4f}|https://www.torsion.kiev.ua/web/gallery/product/navis/nh8802712/2.jpg
{"#",44a01d39-c2b6-4751-85e6-06fdc2f23043,82:aa900025909438d711e8aac0110abb4f}|https://www.torsion.kiev.ua/web/gallery/product/navis/nh8802712/3.jpg
{"#",44a01d39-c2b6-4751-85e6-06fdc2f23043,82:aa900025909438d711e8aac0110abb4f}|https://www.torsion.kiev.ua/web/gallery/product/navis/nh8802712/4.jpg
{"#",44a01d39-c2b6-4751-85e6-06fdc2f23043,82:aa900025909438d711e8aac05044a65f}|https://www.torsion.kiev.ua/web/gallery/product/navis/nh8812712/1.jpg
{"#",44a01d39-c2b6-4751-85e6-06fdc2f23043,82:aa900025909438d711e8aac05044a65f}|https://www.torsion.kiev.ua/web/gallery/product/navis/nh8812712/2.jpg
{"#",44a01d39-c2b6-4751-85e6-06fdc2f23043,82:aa900025909438d711e8aac05044a65f}|https://www.torsion.kiev.ua/web/gallery/product/navis/nh8812712/3.jpg
{"#",44a01d39-c2b6-4751-85e6-06fdc2f23043,82:aa900025909438d711e8aac05044a65f}|https://www.torsion.kiev.ua/web/gallery/product/navis/nh8812712/4.jpg
{"#",44a01d39-c2b6-4751-85e6-06fdc2f23043,82:aa900025909438d711e8aac05044a65f}|https://www.torsion.kiev.ua/web/gallery/product/navis/nh8812712/5.jpg
{"#",44a01d39-c2b6-4751-85e6-06fdc2f23043,82:aa930025909438d611e9199ae5175134}|https://www.torsion.kiev.ua/web/gallery/product/navis/f913/1.jpg
{"#",44a01d39-c2b6-4751-85e6-06fdc2f23043,82:aa930025909438d611e9199b6f18eff3}|https://www.torsion.kiev.ua/web/gallery/product/navis/f914/1.jpg
{"#",44a01d39-c2b6-4751-85e6-06fdc2f23043,82:aa930025909438d611e9199bac467e42}|https://www.torsion.kiev.ua/web/gallery/product/navis/f915/1.jpg
{"#",44a01d39-c2b6-4751-85e6-06fdc2f23043,82:aa930025909438d611e9199bd3201efa}|https://www.torsion.kiev.ua/web/gallery/product/navis/f916/1.jpg
{"#",44a01d39-c2b6-4751-85e6-06fdc2f23043,82:aa930025909438d611e9199bf69bddce}|https://www.torsion.kiev.ua/web/gallery/product/navis/f917/1.jpg
{"#",44a01d39-c2b6-4751-85e6-06fdc2f23043,82:aa930025909438d611e9199c17da5817}|https://www.torsion.kiev.ua/web/gallery/product/navis/f918/1.jpg
{"#",44a01d39-c2b6-4751-85e6-06fdc2f23043,82:aa930025909438d611e9199c30993b20}|https://www.torsion.kiev.ua/web/gallery/product/navis/f919/1.jpg
{"#",44a01d39-c2b6-4751-85e6-06fdc2f23043,82:aa930025909438d611e9199c7d793cc7}|https://www.torsion.kiev.ua/web/gallery/product/navis/f920/1.jpg
{"#",44a01d39-c2b6-4751-85e6-06fdc2f23043,82:aa930025909438d611e9199ca5f42324}|https://www.torsion.kiev.ua/web/gallery/product/navis/f921/1.jpg
{"#",44a01d39-c2b6-4751-85e6-06fdc2f23043,82:aa930025909438d611e9199cca798550}|https://www.torsion.kiev.ua/web/gallery/product/navis/f922/1.jpg
{"#",44a01d39-c2b6-4751-85e6-06fdc2f23043,82:aa930025909438d611e9199ce70ab53e}|https://www.torsion.kiev.ua/web/gallery/product/navis/f923/1.jpg
{"#",44a01d39-c2b6-4751-85e6-06fdc2f23043,82:aa930025909438d611e9199d026bd86b}|https://www.torsion.kiev.ua/web/gallery/product/navis/f924/1.jpg
{"#",44a01d39-c2b6-4751-85e6-06fdc2f23043,82:aa930025909438d611e9199d26ceb170}|https://www.torsion.kiev.ua/web/gallery/product/navis/f926/1.jpg
{"#",44a01d39-c2b6-4751-85e6-06fdc2f23043,82:aa960025909438d711e9cf091f36df5a}|https://www.torsion.kiev.ua/web/gallery/product/navis/s813/1.jpg
{"#",44a01d39-c2b6-4751-85e6-06fdc2f23043,82:aa960025909438d711e9cf0b096ed3f9}|https://www.torsion.kiev.ua/web/gallery/product/navis/s814/1.jpg
{"#",44a01d39-c2b6-4751-85e6-06fdc2f23043,82:aa960025909438d711e9cf0b37c059c6}|https://www.torsion.kiev.ua/web/gallery/product/navis/s815/1.jpg
{"#",44a01d39-c2b6-4751-85e6-06fdc2f23043,82:aa960025909438d711e9cf0b5cc00b08}|https://www.torsion.kiev.ua/web/gallery/product/navis/s816/1.jpg
{"#",44a01d39-c2b6-4751-85e6-06fdc2f23043,82:aa960025909438d711e9cf0b74a49a70}|https://www.torsion.kiev.ua/web/gallery/product/navis/s817/1.jpg
{"#",44a01d39-c2b6-4751-85e6-06fdc2f23043,82:aa960025909438d711e9cf0b984ccebb}|https://www.torsion.kiev.ua/web/gallery/product/navis/s818/1.jpg
{"#",44a01d39-c2b6-4751-85e6-06fdc2f23043,82:aa960025909438d711e9cf0bef43d74b}|https://www.torsion.kiev.ua/web/gallery/product/navis/s819/1.jpg
{"#",44a01d39-c2b6-4751-85e6-06fdc2f23043,82:aa960025909438d711e9cf0c16ed692c}|https://www.torsion.kiev.ua/web/gallery/product/navis/s820/1.jpg
{"#",44a01d39-c2b6-4751-85e6-06fdc2f23043,82:aa960025909438d711e9cf0c3bfda494}|https://www.torsion.kiev.ua/web/gallery/product/navis/s821/1.jpg
{"#",44a01d39-c2b6-4751-85e6-06fdc2f23043,82:aa960025909438d711e9cf0c63f393a7}|https://www.torsion.kiev.ua/web/gallery/product/navis/s822/1.jpg
{"#",44a01d39-c2b6-4751-85e6-06fdc2f23043,82:aa960025909438d711e9cf0c83eeb05a}|https://www.torsion.kiev.ua/web/gallery/product/navis/s824/1.jpg
{"#",44a01d39-c2b6-4751-85e6-06fdc2f23043,82:aa960025909438d711e9cf0cb11479df}|https://www.torsion.kiev.ua/web/gallery/product/navis/s826/1.jpg
{"#",44a01d39-c2b6-4751-85e6-06fdc2f23043,82:aa960025909438d711e9cf0cdb6edbe9}|https://www.torsion.kiev.ua/web/gallery/product/navis/s828/1.jpg
{"#",44a01d39-c2b6-4751-85e6-06fdc2f23043,82:aaa10025909438d711eaec3d29d7a818}|https://www.torsion.kiev.ua/web/gallery/product/navis/ns252512y/1.jpg
{"#",44a01d39-c2b6-4751-85e6-06fdc2f23043,82:aaa10025909438d711eaec3d29d7a818}|https://www.torsion.kiev.ua/web/gallery/product/navis/ns252512y/2.jpg
{"#",44a01d39-c2b6-4751-85e6-06fdc2f23043,82:aaa10025909438d711eaec3d29d7a818}|https://www.torsion.kiev.ua/web/gallery/product/navis/ns252512y/3.jpg
{"#",44a01d39-c2b6-4751-85e6-06fdc2f23043,82:aaa10025909438d711eaec3f46c529c3}|https://www.torsion.kiev.ua/web/gallery/product/navis/ns252524y/1.jpg
{"#",44a01d39-c2b6-4751-85e6-06fdc2f23043,82:aaa10025909438d711eaec3f46c529c3}|https://www.torsion.kiev.ua/web/gallery/product/navis/ns252524y/2.jpg
{"#",44a01d39-c2b6-4751-85e6-06fdc2f23043,82:aaa10025909438d711eaec3f46c529c3}|https://www.torsion.kiev.ua/web/gallery/product/navis/ns252524y/3.jpg
{"#",44a01d39-c2b6-4751-85e6-06fdc2f23043,82:aaa10025909438d711eaec3fcf7532de}|https://www.torsion.kiev.ua/web/gallery/product/navis/nt10512y/1.jpg
{"#",44a01d39-c2b6-4751-85e6-06fdc2f23043,82:aaa10025909438d711eaec3fcf7532de}|https://www.torsion.kiev.ua/web/gallery/product/navis/nt10512y/2.jpg
{"#",44a01d39-c2b6-4751-85e6-06fdc2f23043,82:aaa10025909438d711eaec3fcf7532de}|https://www.torsion.kiev.ua/web/gallery/product/navis/nt10512y/3.jpg
{"#",44a01d39-c2b6-4751-85e6-06fdc2f23043,82:aaa10025909438d711eaec4044b17909}|https://www.torsion.kiev.ua/web/gallery/product/navis/nt10524y/1.jpg
{"#",44a01d39-c2b6-4751-85e6-06fdc2f23043,82:aaa10025909438d711eaec4044b17909}|https://www.torsion.kiev.ua/web/gallery/product/navis/nt10524y/2.jpg
{"#",44a01d39-c2b6-4751-85e6-06fdc2f23043,82:aaa10025909438d711eaec4044b17909}|https://www.torsion.kiev.ua/web/gallery/product/navis/nt10524y/3.jpg
{"#",44a01d39-c2b6-4751-85e6-06fdc2f23043,82:aaa10025909438d711eaf9828d5d07d8}|https://www.torsion.kiev.ua/web/gallery/product/navis/nl424/1.jpg
{"#",44a01d39-c2b6-4751-85e6-06fdc2f23043,82:aaa10025909438d711eaf9828d5d07d8}|https://www.torsion.kiev.ua/web/gallery/product/navis/nl424/2.jpg
{"#",44a01d39-c2b6-4751-85e6-06fdc2f23043,82:aaa10025909438d711eaf9828d5d07d8}|https://www.torsion.kiev.ua/web/gallery/product/navis/nl424/3.jpg
{"#",44a01d39-c2b6-4751-85e6-06fdc2f23043,82:aaa10025909438d711eaf9828d5d07d8}|https://www.torsion.kiev.ua/web/gallery/product/navis/nl424/4.jpg
{"#",44a01d39-c2b6-4751-85e6-06fdc2f23043,82:aaa10025909438d711eaf9828d5d07d8}|https://www.torsion.kiev.ua/web/gallery/product/navis/nl424/5.jpg
{"#",44a01d39-c2b6-4751-85e6-06fdc2f23043,82:aaa10025909438d711eaf9828d5d07d8}|https://www.torsion.kiev.ua/web/gallery/product/navis/nl424/6.jpg
{"#",44a01d39-c2b6-4751-85e6-06fdc2f23043,82:aaa10025909438d711eaf9850ee53a75}|https://www.torsion.kiev.ua/web/gallery/product/navis/nl720/1.jpg
{"#",44a01d39-c2b6-4751-85e6-06fdc2f23043,82:aaa10025909438d711eaf9850ee53a75}|https://www.torsion.kiev.ua/web/gallery/product/navis/nl720/2.jpg
{"#",44a01d39-c2b6-4751-85e6-06fdc2f23043,82:aaa10025909438d711eaf9850ee53a75}|https://www.torsion.kiev.ua/web/gallery/product/navis/nl720/3.jpg
{"#",44a01d39-c2b6-4751-85e6-06fdc2f23043,82:aaa10025909438d711eaf9850ee53a75}|https://www.torsion.kiev.ua/web/gallery/product/navis/nl720/4.jpg
{"#",44a01d39-c2b6-4751-85e6-06fdc2f23043,82:aaa10025909438d711eaf9850ee53a75}|https://www.torsion.kiev.ua/web/gallery/product/navis/nl720/5.jpg
{"#",44a01d39-c2b6-4751-85e6-06fdc2f23043,82:aaa10025909438d711eaf9850ee53a75}|https://www.torsion.kiev.ua/web/gallery/product/navis/nl720/6.jpg
{"#",44a01d39-c2b6-4751-85e6-06fdc2f23043,82:aaa10025909438d711eaf985515e64c9}|https://www.torsion.kiev.ua/web/gallery/product/navis/nl119/1.jpg
{"#",44a01d39-c2b6-4751-85e6-06fdc2f23043,82:aaa10025909438d711eaf985515e64c9}|https://www.torsion.kiev.ua/web/gallery/product/navis/nl119/2.jpg
{"#",44a01d39-c2b6-4751-85e6-06fdc2f23043,82:aaa10025909438d711eaf985515e64c9}|https://www.torsion.kiev.ua/web/gallery/product/navis/nl119/3.jpg
{"#",44a01d39-c2b6-4751-85e6-06fdc2f23043,82:aaa10025909438d711eaf985515e64c9}|https://www.torsion.kiev.ua/web/gallery/product/navis/nl119/4.jpg
{"#",44a01d39-c2b6-4751-85e6-06fdc2f23043,82:aaa10025909438d711eaf985515e64c9}|https://www.torsion.kiev.ua/web/gallery/product/navis/nl119/5.jpg
{"#",44a01d39-c2b6-4751-85e6-06fdc2f23043,82:aaa10025909438d711eaf985515e64c9}|https://www.torsion.kiev.ua/web/gallery/product/navis/nl119/6.jpg
{"#",44a01d39-c2b6-4751-85e6-06fdc2f23043,82:aaa10025909438d711eaf985f9d96bdf}|https://www.torsion.kiev.ua/web/gallery/product/navis/nl1624/1.jpg
{"#",44a01d39-c2b6-4751-85e6-06fdc2f23043,82:aaa10025909438d711eaf985f9d96bdf}|https://www.torsion.kiev.ua/web/gallery/product/navis/nl1624/2.jpg
{"#",44a01d39-c2b6-4751-85e6-06fdc2f23043,82:aaa10025909438d711eaf985f9d96bdf}|https://www.torsion.kiev.ua/web/gallery/product/navis/nl1624/3.jpg
{"#",44a01d39-c2b6-4751-85e6-06fdc2f23043,82:aaa10025909438d711eaf985f9d96bdf}|https://www.torsion.kiev.ua/web/gallery/product/navis/nl1624/4.jpg
{"#",44a01d39-c2b6-4751-85e6-06fdc2f23043,82:aaa10025909438d711eaf985f9d96bdf}|https://www.torsion.kiev.ua/web/gallery/product/navis/nl1624/5.jpg
{"#",44a01d39-c2b6-4751-85e6-06fdc2f23043,82:aaa10025909438d711eaf985f9d96bdf}|https://www.torsion.kiev.ua/web/gallery/product/navis/nl1624/6.jpg
{"#",44a01d39-c2b6-4751-85e6-06fdc2f23043,82:aaa10025909438d711eaf987c605bc88}|https://www.torsion.kiev.ua/web/gallery/product/navis/nl319/1.jpg
{"#",44a01d39-c2b6-4751-85e6-06fdc2f23043,82:aaa10025909438d711eaf987c605bc88}|https://www.torsion.kiev.ua/web/gallery/product/navis/nl319/2.jpg
{"#",44a01d39-c2b6-4751-85e6-06fdc2f23043,82:aaa10025909438d711eaf987c605bc88}|https://www.torsion.kiev.ua/web/gallery/product/navis/nl319/3.jpg
{"#",44a01d39-c2b6-4751-85e6-06fdc2f23043,82:aaa10025909438d711eaf987c605bc88}|https://www.torsion.kiev.ua/web/gallery/product/navis/nl319/4.jpg
{"#",44a01d39-c2b6-4751-85e6-06fdc2f23043,82:aaa10025909438d711eaf987c605bc88}|https://www.torsion.kiev.ua/web/gallery/product/navis/nl319/5.jpg
{"#",44a01d39-c2b6-4751-85e6-06fdc2f23043,82:aaa10025909438d711eaf987c605bc88}|https://www.torsion.kiev.ua/web/gallery/product/navis/nl319/6.jpg
{"#",44a01d39-c2b6-4751-85e6-06fdc2f23043,82:aaa10025909438d711eaf987c605bc88}|https://www.torsion.kiev.ua/web/gallery/product/navis/nl319/7.jpg
{"#",44a01d39-c2b6-4751-85e6-06fdc2f23043,82:aaa10025909438d711eaf98804c94cff}|https://www.torsion.kiev.ua/web/gallery/product/navis/nl900524/1.jpg
{"#",44a01d39-c2b6-4751-85e6-06fdc2f23043,82:aaa10025909438d711eaf98804c94cff}|https://www.torsion.kiev.ua/web/gallery/product/navis/nl900524/2.jpg
{"#",44a01d39-c2b6-4751-85e6-06fdc2f23043,82:aaa10025909438d711eaf98804c94cff}|https://www.torsion.kiev.ua/web/gallery/product/navis/nl900524/3.jpg
{"#",44a01d39-c2b6-4751-85e6-06fdc2f23043,82:aaa10025909438d711eaf98804c94cff}|https://www.torsion.kiev.ua/web/gallery/product/navis/nl900524/4.jpg
{"#",44a01d39-c2b6-4751-85e6-06fdc2f23043,82:aaa10025909438d711eaf98804c94cff}|https://www.torsion.kiev.ua/web/gallery/product/navis/nl900524/5.jpg
{"#",44a01d39-c2b6-4751-85e6-06fdc2f23043,82:aaa10025909438d711eaf9887af64821}|https://www.torsion.kiev.ua/web/gallery/product/navis/nl901224/1.jpg
{"#",44a01d39-c2b6-4751-85e6-06fdc2f23043,82:aaa10025909438d711eaf9887af64821}|https://www.torsion.kiev.ua/web/gallery/product/navis/nl901224/2.jpg
{"#",44a01d39-c2b6-4751-85e6-06fdc2f23043,82:aaa10025909438d711eaf9887af64821}|https://www.torsion.kiev.ua/web/gallery/product/navis/nl901224/3.jpg
{"#",44a01d39-c2b6-4751-85e6-06fdc2f23043,82:aaa10025909438d711eaf9887af64821}|https://www.torsion.kiev.ua/web/gallery/product/navis/nl901224/4.jpg
{"#",44a01d39-c2b6-4751-85e6-06fdc2f23043,82:aaa10025909438d711eaf9887af64821}|https://www.torsion.kiev.ua/web/gallery/product/navis/nl901224/5.jpg
{"#",44a01d39-c2b6-4751-85e6-06fdc2f23043,82:aaa10025909438d711eaf9887af64821}|https://www.torsion.kiev.ua/web/gallery/product/navis/nl901224/6.jpg
{"#",44a01d39-c2b6-4751-85e6-06fdc2f23043,82:aaa10025909438d711eaf9887af64821}|https://www.torsion.kiev.ua/web/gallery/product/navis/nl901224/7.jpg
